{
  "project_info": {
    "project_number": "734192640887",
    "firebase_url": "https://vivoseguropro.firebaseio.com",
    "project_id": "vivoseguropro",
    "storage_bucket": "vivoseguropro.appspot.com"
  },
  "client": [
    {
      "client_info": {
        "mobilesdk_app_id": "1:734192640887:android:ed648ef4d61a091d",
        "android_client_info": {
          "package_name": "com.tc.atlasvivoseguropro"
        }
      },
      "oauth_client": [
        {
          "client_id": "734192640887-irf4q48lq1qllrra05cunrmhhkqr4u7s.apps.googleusercontent.com",
          "client_type": 3
        }
      ],
      "api_key": [
        {
          "current_key": "AIzaSyDkSLt049EBCtHMrW_m9BUjmcGeAxYplMQ"
        }
      ],
      "services": {
        "analytics_service": {
          "status": 1
        },
        "appinvite_service": {
          "status": 1,
          "other_platform_oauth_client": []
        },
        "ads_service": {
          "status": 2
        }
      }
    }
  ],
  "configuration_version": "1"
}